Mean: 0	Var: 0	Max: 0	Min: 0
Mean: -51.36	Var: 33.2304	Max: -36	Min: -66
Mean: -48.26	Var: 29.9127	Max: -36	Min: -62
Mean: -47.7	Var: 35.81	Max: -36	Min: -64
Mean: -46.9	Var: 42.9699	Max: -36	Min: -62
Mean: -45.32	Var: 51.8577	Max: -29	Min: -62
Mean: -44.58	Var: 47.7634	Max: -29	Min: -65
Mean: -43.62	Var: 48.3957	Max: -29	Min: -57
Mean: -42.3	Var: 43.0501	Max: -29	Min: -56
Mean: -44.26	Var: 66.1925	Max: -29	Min: -65
Mean: -44.18	Var: 58.5476	Max: -28	Min: -61
Mean: -44.68	Var: 55.2176	Max: -28	Min: -67
Mean: -45	Var: 53.48	Max: -28	Min: -62
Mean: -45.8	Var: 59.9601	Max: -28	Min: -62
Mean: -45.38	Var: 62.5955	Max: -28	Min: -61
Mean: -45.52	Var: 64.5694	Max: -28	Min: -69
Mean: -45.38	Var: 58.5555	Max: -28	Min: -59
Mean: -44.12	Var: 72.8657	Max: -28	Min: -63
Mean: -44.54	Var: 72.3684	Max: -28	Min: -67
Mean: -43.2	Var: 65.8399	Max: -26	Min: -59
Mean: -44.26	Var: 67.7525	Max: -26	Min: -63
Mean: -45.12	Var: 80.1857	Max: -26	Min: -71
Mean: -43.88	Var: 53.0255	Max: -26	Min: -60
Mean: -44.06	Var: 55.6963	Max: -26	Min: -61
Mean: -44.96	Var: 65.7585	Max: -26	Min: -61
Mean: -44.24	Var: 64.4223	Max: -26	Min: -62
Mean: -44.2	Var: 59.16	Max: -26	Min: -58
Mean: -43.22	Var: 73.0915	Max: -26	Min: -67
Mean: -43.06	Var: 73.4563	Max: -26	Min: -63
Mean: -43.54	Var: 86.2883	Max: -26	Min: -63
Mean: -42.16	Var: 70.5744	Max: -26	Min: -59
Mean: -43.28	Var: 98.4817	Max: -26	Min: -68
Mean: -43.28	Var: 78.3617	Max: -25	Min: -61
Mean: -42.72	Var: 68.1215	Max: -25	Min: -57
Mean: -43.02	Var: 90.4995	Max: -25	Min: -63
Mean: -43.2	Var: 71.9599	Max: -25	Min: -62
Mean: -41.96	Var: 66.1985	Max: -25	Min: -59
Mean: -42.94	Var: 80.0965	Max: -25	Min: -58
Mean: -42.62	Var: 83.1156	Max: -20	Min: -66
Mean: -43.7	Var: 89.1699	Max: -20	Min: -63
Mean: -43.38	Var: 92.3555	Max: -20	Min: -74
Mean: -43.54	Var: 80.1683	Max: -20	Min: -66
Mean: -42.58	Var: 61.5635	Max: -20	Min: -59
Mean: -44.3	Var: 113.21	Max: -20	Min: -68
Mean: -43.02	Var: 72.2595	Max: -20	Min: -62
Mean: -42.06	Var: 79.1763	Max: -20	Min: -61
Mean: -42.8	Var: 90.76	Max: -20	Min: -67
Mean: -43.12	Var: 68.7457	Max: -20	Min: -57
Mean: -43.64	Var: 78.6304	Max: -20	Min: -61
Mean: -43.68	Var: 79.2176	Max: -20	Min: -62
Mean: -42.82	Var: 65.9876	Max: -20	Min: -58
Mean: -43.68	Var: 74.5376	Max: -20	Min: -63
Mean: -43.6	Var: 64.5202	Max: -20	Min: -60
Mean: -43.7	Var: 72.4899	Max: -20	Min: -66
Mean: -43.06	Var: 77.8963	Max: -20	Min: -65
Mean: -43.82	Var: 90.9876	Max: -20	Min: -67
Mean: -42.06	Var: 68.7763	Max: -20	Min: -59
Mean: -42.26	Var: 75.8725	Max: -20	Min: -59
Mean: -42.66	Var: 86.4644	Max: -20	Min: -58
Mean: -42.5	Var: 76.73	Max: -20	Min: -57
Mean: -42.86	Var: 79.8804	Max: -20	Min: -61
Mean: -42.98	Var: 77.0196	Max: -20	Min: -58
Mean: -43.08	Var: 87.3534	Max: -20	Min: -61
Mean: -43.48	Var: 106.17	Max: -20	Min: -62
Mean: -43.44	Var: 94.0866	Max: -20	Min: -62
Mean: -43.12	Var: 106.866	Max: -20	Min: -70
Mean: -41.92	Var: 76.7937	Max: -20	Min: -59
Mean: -42.58	Var: 90.9635	Max: -20	Min: -61
Mean: -43.44	Var: 99.5666	Max: -20	Min: -67
Mean: -43.86	Var: 103.84	Max: -20	Min: -63
Mean: -43.18	Var: 74.7476	Max: -20	Min: -57
Mean: -43.38	Var: 69.8755	Max: -20	Min: -61
Mean: -43.72	Var: 64.4015	Max: -20	Min: -60
Mean: -44.42	Var: 70.5238	Max: -20	Min: -66
Mean: -42.76	Var: 57.4625	Max: -20	Min: -60
Mean: -43.08	Var: 68.6734	Max: -20	Min: -59
Mean: -42.46	Var: 65.9284	Max: -20	Min: -56
Mean: -43.26	Var: 84.8725	Max: -20	Min: -69
Mean: -43.68	Var: 74.4976	Max: -20	Min: -59
Mean: -44.26	Var: 79.7925	Max: -20	Min: -61
Mean: -43.66	Var: 82.5044	Max: -20	Min: -60
Mean: -42.38	Var: 63.9555	Max: -20	Min: -61
Mean: -43.44	Var: 81.9266	Max: -20	Min: -60
Mean: -42.96	Var: 75.4385	Max: -20	Min: -62
Mean: -44.1	Var: 88.6502	Max: -20	Min: -61
Mean: -44.18	Var: 101.388	Max: -20	Min: -68
Mean: -42.7	Var: 74.81	Max: -20	Min: -61
Mean: -43.34	Var: 77.3044	Max: -20	Min: -58
Mean: -42.92	Var: 65.8738	Max: -20	Min: -60
Mean: -43.58	Var: 79.8434	Max: -20	Min: -60
Mean: -44.16	Var: 84.6944	Max: -20	Min: -69
Mean: -44.88	Var: 92.5855	Max: -20	Min: -65
Mean: -43.88	Var: 75.1855	Max: -20	Min: -60
Mean: -43.84	Var: 68.4944	Max: -20	Min: -59
Mean: -44.14	Var: 107.76	Max: -20	Min: -84
Mean: -43.26	Var: 85.3525	Max: -20	Min: -67
Mean: -44.52	Var: 81.9296	Max: -20	Min: -64
Mean: -42.64	Var: 46.3504	Max: -20	Min: -55
Mean: -43.12	Var: 57.1456	Max: -20	Min: -57
Mean: -44	Var: 76.04	Max: -20	Min: -66
Mean: -44.58	Var: 59.8434	Max: -20	Min: -61
Mean: -45.22	Var: 79.2115	Max: -20	Min: -71
Mean: -43.66	Var: 54.7044	Max: -20	Min: -59
Mean: -44.66	Var: 65.8644	Max: -20	Min: -63
Mean: -44.36	Var: 67.3503	Max: -20	Min: -62
Mean: -44.42	Var: 83.4438	Max: -20	Min: -64
Mean: -43.74	Var: 64.5123	Max: -20	Min: -61
Mean: -42.6	Var: 50.3201	Max: -20	Min: -55
Mean: -44.42	Var: 81.3638	Max: -20	Min: -67
Mean: -43.88	Var: 69.2655	Max: -20	Min: -57
Mean: -44.06	Var: 90.4163	Max: -20	Min: -61
Mean: -43.66	Var: 89.2644	Max: -20	Min: -71
Mean: -44.44	Var: 98.4465	Max: -20	Min: -74
Mean: -43.98	Var: 73.7796	Max: -20	Min: -61
Mean: -43.04	Var: 57.9184	Max: -20	Min: -57
Mean: -43.52	Var: 74.2095	Max: -20	Min: -63
Mean: -44.3	Var: 72.77	Max: -20	Min: -61
Mean: -45.04	Var: 69.4783	Max: -20	Min: -59
Mean: -43.74	Var: 64.1123	Max: -20	Min: -64
Mean: -43.62	Var: 55.5157	Max: -20	Min: -61
Mean: -44.14	Var: 63.6804	Max: -20	Min: -64
Mean: -44.12	Var: 65.5457	Max: -20	Min: -59
Mean: -42.98	Var: 67.4596	Max: -20	Min: -59
Mean: -43.46	Var: 70.1285	Max: -20	Min: -57
Mean: -42.8	Var: 69.8	Max: -20	Min: -60
Mean: -43.22	Var: 70.7315	Max: -20	Min: -60
Mean: -43.66	Var: 70.9844	Max: -20	Min: -59
Mean: -44.98	Var: 88.5797	Max: -20	Min: -62
Mean: -43.6	Var: 62.0802	Max: -20	Min: -58
Mean: -44	Var: 80.2	Max: -20	Min: -66
Mean: -44.74	Var: 86.9923	Max: -20	Min: -66
Mean: -44.38	Var: 77.1155	Max: -20	Min: -64
Mean: -43.84	Var: 80.0944	Max: -20	Min: -60
Mean: -42.42	Var: 66.4837	Max: -20	Min: -58
Mean: -43.2	Var: 92.6799	Max: -20	Min: -68
Mean: -42.92	Var: 91.3938	Max: -20	Min: -64
Mean: -42.22	Var: 82.0116	Max: -20	Min: -62
Mean: -42.3	Var: 95.3701	Max: -20	Min: -69
Mean: -42.18	Var: 70.2275	Max: -20	Min: -59
Mean: -42.84	Var: 92.2944	Max: -20	Min: -61
Mean: -42.6	Var: 73.7601	Max: -20	Min: -56
Mean: -43.72	Var: 88.2815	Max: -20	Min: -61
Mean: -42.68	Var: 84.5376	Max: -20	Min: -60
Mean: -43.62	Var: 96.9957	Max: -20	Min: -67
Mean: -44.04	Var: 97.4783	Max: -20	Min: -65
Mean: -41.24	Var: 55.2622	Max: -20	Min: -55
Mean: -42.76	Var: 76.5825	Max: -20	Min: -64
Mean: -43.8	Var: 74.8801	Max: -20	Min: -66
Mean: -44.62	Var: 82.1557	Max: -20	Min: -64
Mean: -43.02	Var: 83.0995	Max: -20	Min: -67
Mean: -42.88	Var: 78.3455	Max: -20	Min: -62
Mean: -43.82	Var: 72.4676	Max: -20	Min: -60
Mean: -43.78	Var: 77.0918	Max: -20	Min: -58
Mean: -44.06	Var: 79.3763	Max: -20	Min: -62
Mean: -44.64	Var: 80.1905	Max: -20	Min: -65
Mean: -43.16	Var: 63.4944	Max: -20	Min: -64
Mean: -42.24	Var: 62.2222	Max: -20	Min: -58
Mean: -43.24	Var: 87.5022	Max: -20	Min: -58
Mean: -42.66	Var: 83.5044	Max: -20	Min: -66
Mean: -42.28	Var: 71.8417	Max: -20	Min: -55
Mean: -43.4	Var: 87.5198	Max: -20	Min: -58
Mean: -42.78	Var: 87.2517	Max: -20	Min: -62
Mean: -43.44	Var: 81.4066	Max: -20	Min: -63
Mean: -44.08	Var: 96.7135	Max: -20	Min: -67
Mean: -43.58	Var: 89.8034	Max: -20	Min: -66
Mean: -42.76	Var: 72.9825	Max: -20	Min: -58
Mean: -42.7	Var: 91.41	Max: -20	Min: -64
Mean: -42.7	Var: 76.17	Max: -20	Min: -59
Mean: -43.68	Var: 91.6976	Max: -20	Min: -62
Mean: -42.06	Var: 61.0963	Max: -20	Min: -56
Mean: -42.98	Var: 75.2196	Max: -20	Min: -64
Mean: -43.6	Var: 85.5202	Max: -20	Min: -67
Mean: -43.6	Var: 80.0002	Max: -20	Min: -65
Mean: -44.78	Var: 95.1317	Max: -20	Min: -64
Mean: -43.64	Var: 79.9504	Max: -20	Min: -61
Mean: -43.54	Var: 77.2483	Max: -20	Min: -59
Mean: -42.44	Var: 71.7266	Max: -20	Min: -60
Mean: -42.34	Var: 70.5843	Max: -20	Min: -58
Mean: -42.78	Var: 81.9717	Max: -20	Min: -60
Mean: -42.12	Var: 73.9456	Max: -20	Min: -61
Mean: -43.22	Var: 82.9715	Max: -20	Min: -61
Mean: -42.9	Var: 76.4898	Max: -20	Min: -57
Mean: -42.54	Var: 70.9683	Max: -20	Min: -56
Mean: -43.8	Var: 80.2001	Max: -20	Min: -59
Mean: -43.48	Var: 71.2496	Max: -20	Min: -61
Mean: -43.28	Var: 70.4417	Max: -20	Min: -59
Mean: -44.42	Var: 82.5238	Max: -20	Min: -57
Mean: -43.54	Var: 72.0083	Max: -20	Min: -57
Mean: -44.5	Var: 97.93	Max: -20	Min: -72
Mean: -42.08	Var: 78.6334	Max: -20	Min: -59
Mean: -43.32	Var: 83.4977	Max: -20	Min: -60
Mean: -42.92	Var: 87.1938	Max: -20	Min: -62
Mean: -42.62	Var: 85.6356	Max: -20	Min: -64
Mean: -43	Var: 79.72	Max: -20	Min: -63
Mean: -43.62	Var: 91.7557	Max: -20	Min: -62
Mean: -43	Var: 78.16	Max: -20	Min: -59
Mean: -43.58	Var: 93.8034	Max: -20	Min: -67
Mean: -42.32	Var: 75.4976	Max: -20	Min: -64
Mean: -43.34	Var: 79.2244	Max: -20	Min: -60
Mean: -42.34	Var: 60.9843	Max: -20	Min: -56
Mean: -43.32	Var: 89.6577	Max: -20	Min: -64
Mean: -43.78	Var: 92.2918	Max: -20	Min: -59
Mean: -44.26	Var: 78.3125	Max: -20	Min: -61
Mean: -43.4	Var: 64.4798	Max: -20	Min: -60
Mean: -43.88	Var: 71.5055	Max: -20	Min: -65
Mean: -42.7	Var: 63.37	Max: -20	Min: -58
Mean: -41.68	Var: 48.9776	Max: -20	Min: -56
Mean: -43.96	Var: 70.4784	Max: -20	Min: -62
Mean: -44.12	Var: 68.6657	Max: -20	Min: -63
Mean: -43.94	Var: 58.6165	Max: -20	Min: -59
Mean: -44.38	Var: 70.0755	Max: -20	Min: -64
Mean: -43.78	Var: 54.3318	Max: -20	Min: -59
Mean: -44.24	Var: 56.0223	Max: -20	Min: -58
Mean: -44.28	Var: 70.0017	Max: -20	Min: -58
Mean: -43.72	Var: 74.0415	Max: -20	Min: -62
Mean: -44.34	Var: 82.3444	Max: -20	Min: -64
Mean: -43.3	Var: 58.2101	Max: -20	Min: -60
Mean: -45.74	Var: 92.7523	Max: -20	Min: -64
Mean: -44.18	Var: 64.9076	Max: -20	Min: -61
Mean: -43.94	Var: 57.5765	Max: -20	Min: -59
Mean: -43.84	Var: 77.2144	Max: -20	Min: -65
Mean: -43.24	Var: 51.1822	Max: -20	Min: -55
Mean: -44.42	Var: 63.7638	Max: -20	Min: -60
Mean: -45.1	Var: 62.4101	Max: -20	Min: -59
Mean: -43.48	Var: 49.4496	Max: -20	Min: -64
Mean: -43.6	Var: 56.0002	Max: -20	Min: -65
Mean: -44.72	Var: 65.1215	Max: -20	Min: -63
Mean: -44	Var: 60.88	Max: -20	Min: -57
Mean: -44.2	Var: 57.08	Max: -20	Min: -56
Mean: -44.62	Var: 78.1157	Max: -20	Min: -62
Mean: -44.18	Var: 75.7076	Max: -20	Min: -65
Mean: -44.5	Var: 77.01	Max: -20	Min: -62
Mean: -44.24	Var: 76.5423	Max: -20	Min: -63
Mean: -44.12	Var: 76.7057	Max: -20	Min: -61
Mean: -43.36	Var: 74.2704	Max: -20	Min: -60
Mean: -44.18	Var: 90.5476	Max: -20	Min: -64
Mean: -43.3	Var: 77.2101	Max: -20	Min: -62
Mean: -43.04	Var: 82.7184	Max: -20	Min: -58
Mean: -43	Var: 83	Max: -20	Min: -66
Mean: -42.42	Var: 73.6837	Max: -20	Min: -60
Mean: -43.4	Var: 81.7598	Max: -20	Min: -60
Mean: -43.02	Var: 94.7795	Max: -20	Min: -62
Mean: -42.36	Var: 77.0704	Max: -20	Min: -55
Mean: -43.74	Var: 115.352	Max: -20	Min: -71
Mean: -43.48	Var: 100.13	Max: -20	Min: -67
Mean: -42.84	Var: 85.6944	Max: -20	Min: -62
Mean: -44.14	Var: 83.8804	Max: -20	Min: -64
Mean: -42.98	Var: 80.1396	Max: -20	Min: -66
Mean: -43.06	Var: 82.6563	Max: -20	Min: -62
Mean: -42.2	Var: 67.5199	Max: -20	Min: -60
Mean: -42.58	Var: 77.3235	Max: -20	Min: -63
Mean: -42.46	Var: 71.7684	Max: -20	Min: -61
Mean: -44.46	Var: 94.2885	Max: -20	Min: -69
Mean: -44.16	Var: 70.4144	Max: -20	Min: -61
Mean: -44.54	Var: 75.0484	Max: -20	Min: -58
Mean: -44.66	Var: 108.784	Max: -20	Min: -68
Mean: -44.32	Var: 100.498	Max: -20	Min: -65
Mean: -43.88	Var: 79.1455	Max: -20	Min: -64
Mean: -44.06	Var: 80.4563	Max: -20	Min: -65
Mean: -43.46	Var: 73.7685	Max: -20	Min: -59
Mean: -42.1	Var: 79.8101	Max: -20	Min: -68
Mean: -42.82	Var: 85.1876	Max: -20	Min: -62
Mean: -43.14	Var: 85.8004	Max: -20	Min: -62
Mean: -43.92	Var: 90.8338	Max: -20	Min: -59
Mean: -43.22	Var: 72.2915	Max: -20	Min: -66
Mean: -43.06	Var: 66.4563	Max: -20	Min: -60
Mean: -44.62	Var: 76.1557	Max: -20	Min: -62
Mean: -43.92	Var: 66.5938	Max: -20	Min: -61
Mean: -43.9	Var: 62.0899	Max: -20	Min: -61
Mean: -43.28	Var: 68.5617	Max: -20	Min: -61
Mean: -43.82	Var: 68.7476	Max: -20	Min: -63
Mean: -43.62	Var: 81.8357	Max: -20	Min: -65
Mean: -43.32	Var: 78.4977	Max: -20	Min: -60
Mean: -43.4	Var: 76.2798	Max: -20	Min: -60
Mean: -44.58	Var: 77.3634	Max: -20	Min: -62
Mean: -43.34	Var: 67.2644	Max: -20	Min: -61
Mean: -44.28	Var: 76.8817	Max: -20	Min: -60
Mean: -43.74	Var: 60.9523	Max: -20	Min: -59
Mean: -42.54	Var: 61.0883	Max: -20	Min: -56
Mean: -43.26	Var: 80.2325	Max: -20	Min: -60
Mean: -43.16	Var: 64.4544	Max: -20	Min: -61
Mean: -43.58	Var: 73.1634	Max: -20	Min: -61
Mean: -43.24	Var: 54.1422	Max: -20	Min: -57
Mean: -44.16	Var: 69.5744	Max: -20	Min: -60
Mean: -44.58	Var: 76.6834	Max: -20	Min: -64
Mean: -44.6	Var: 73.6401	Max: -20	Min: -63
Mean: -43.64	Var: 70.2704	Max: -20	Min: -60
Mean: -42.92	Var: 80.7138	Max: -20	Min: -57
Mean: -43.68	Var: 110.178	Max: -20	Min: -71
Mean: -42.58	Var: 92.0835	Max: -20	Min: -62
Mean: -43.34	Var: 110.304	Max: -20	Min: -66
Mean: -42.62	Var: 88.5956	Max: -20	Min: -61
Mean: -42.66	Var: 77.7444	Max: -20	Min: -61
Mean: -42.86	Var: 85.1604	Max: -20	Min: -64
Mean: -43.74	Var: 94.9123	Max: -20	Min: -70
Mean: -43.16	Var: 77.3744	Max: -20	Min: -59
Mean: -44.2	Var: 81.64	Max: -20	Min: -62
Mean: -43.58	Var: 71.4435	Max: -20	Min: -59
Mean: -44.1	Var: 82.8102	Max: -20	Min: -67
Mean: -44.54	Var: 83.6484	Max: -20	Min: -68
Mean: -42.98	Var: 64.3796	Max: -20	Min: -61
Mean: -44.58	Var: 85.5634	Max: -20	Min: -67
Mean: -43.84	Var: 59.0944	Max: -20	Min: -61
Mean: -44.5	Var: 70.61	Max: -20	Min: -60
Mean: -43.12	Var: 65.3857	Max: -20	Min: -67
Mean: -44.06	Var: 76.4163	Max: -20	Min: -65
Mean: -43.04	Var: 59.1184	Max: -20	Min: -60
Mean: -43.72	Var: 68.1615	Max: -20	Min: -61
Mean: -43.4	Var: 61.3598	Max: -20	Min: -57
Mean: -43.48	Var: 73.9296	Max: -20	Min: -70
Mean: -44.34	Var: 83.0644	Max: -20	Min: -66
Mean: -43.6	Var: 67.4802	Max: -20	Min: -58
Mean: -43.64	Var: 63.7104	Max: -20	Min: -58
Mean: -44.54	Var: 78.3284	Max: -20	Min: -63
Mean: -44.02	Var: 62.4595	Max: -20	Min: -60
Mean: -44.24	Var: 73.1423	Max: -20	Min: -63
Mean: -44.12	Var: 68.4657	Max: -20	Min: -62
Mean: -42.84	Var: 54.0144	Max: -20	Min: -60
Mean: -42.88	Var: 59.7455	Max: -20	Min: -57
Mean: -43.52	Var: 75.8495	Max: -20	Min: -64
Mean: -42.36	Var: 60.6304	Max: -20	Min: -56
Mean: -43.04	Var: 78.8383	Max: -20	Min: -60
Mean: -44.28	Var: 88.1217	Max: -20	Min: -66
Mean: -43.62	Var: 78.5157	Max: -20	Min: -59
Mean: -43.46	Var: 77.2885	Max: -20	Min: -61
Mean: -43.12	Var: 65.2656	Max: -20	Min: -60
Mean: -43.36	Var: 71.8704	Max: -20	Min: -63
Mean: -42.86	Var: 69.9604	Max: -20	Min: -62
Mean: -42.72	Var: 72.4815	Max: -20	Min: -60
Mean: -43.38	Var: 85.0355	Max: -20	Min: -62
Mean: -43.52	Var: 86.9695	Max: -20	Min: -70
Mean: -43.46	Var: 73.3685	Max: -20	Min: -59
Mean: -42.34	Var: 80.5043	Max: -20	Min: -71
Mean: -43.5	Var: 87.85	Max: -20	Min: -60
Mean: -42.54	Var: 69.1283	Max: -20	Min: -58
Mean: -43.82	Var: 74.0276	Max: -20	Min: -58
Mean: -44.08	Var: 101.273	Max: -20	Min: -68
Mean: -43.08	Var: 75.8334	Max: -20	Min: -63
Mean: -44.14	Var: 89.5204	Max: -20	Min: -62
Mean: -43.48	Var: 93.0896	Max: -20	Min: -68
Mean: -43.94	Var: 83.0565	Max: -20	Min: -60
Mean: -43.82	Var: 76.3076	Max: -20	Min: -60
Mean: -42.96	Var: 75.5985	Max: -20	Min: -58
Mean: -42.8	Var: 65.84	Max: -20	Min: -58
Mean: -43.4	Var: 75.1998	Max: -20	Min: -63
Mean: -44.22	Var: 89.1716	Max: -20	Min: -63
Mean: -44.08	Var: 76.4335	Max: -20	Min: -62
Mean: -44.52	Var: 89.9296	Max: -20	Min: -66
Mean: -42.74	Var: 66.8322	Max: -20	Min: -58
Mean: -43.4	Var: 70.8398	Max: -20	Min: -59
Mean: -44.38	Var: 87.5955	Max: -20	Min: -63
Mean: -43.46	Var: 70.9685	Max: -20	Min: -64
Mean: -43.36	Var: 62.3504	Max: -20	Min: -59
Mean: -43.32	Var: 83.6177	Max: -20	Min: -62
Mean: -43.26	Var: 75.4325	Max: -20	Min: -61
Mean: -42.78	Var: 66.9717	Max: -20	Min: -64
Mean: -42.86	Var: 68.4804	Max: -20	Min: -58
Mean: -42.78	Var: 70.2117	Max: -20	Min: -65
Mean: -44.16	Var: 75.6544	Max: -20	Min: -58
Mean: -44.36	Var: 75.0303	Max: -20	Min: -63
Mean: -43.46	Var: 74.8485	Max: -20	Min: -66
Mean: -45.24	Var: 99.7823	Max: -20	Min: -66
Mean: -43.08	Var: 70.3934	Max: -20	Min: -64
Mean: -45.2	Var: 79.12	Max: -20	Min: -61
Mean: -43.88	Var: 74.3455	Max: -20	Min: -62
Mean: -44.16	Var: 71.8944	Max: -20	Min: -58
Mean: -44.3	Var: 75.61	Max: -20	Min: -64
Mean: -44	Var: 67.64	Max: -20	Min: -62
Mean: -43.78	Var: 63.6918	Max: -20	Min: -60
Mean: -43.4	Var: 49.0398	Max: -20	Min: -54
Mean: -45.64	Var: 84.5105	Max: -20	Min: -64
Mean: -44.04	Var: 61.3583	Max: -20	Min: -60
Mean: -43.44	Var: 65.6066	Max: -20	Min: -59
Mean: -44.26	Var: 72.8725	Max: -20	Min: -58
Mean: -44.12	Var: 85.9457	Max: -20	Min: -65
Mean: -44.06	Var: 72.5363	Max: -20	Min: -61
Mean: -44.66	Var: 91.3444	Max: -20	Min: -68
Mean: -43.38	Var: 70.7555	Max: -20	Min: -63
Mean: -43.66	Var: 73.3844	Max: -20	Min: -66
Mean: -44.14	Var: 75.0404	Max: -20	Min: -58
Mean: -43.32	Var: 63.2577	Max: -20	Min: -54
Mean: -43.56	Var: 80.7262	Max: -20	Min: -62
Mean: -42.68	Var: 71.8576	Max: -20	Min: -55
Mean: -42.88	Var: 79.7855	Max: -20	Min: -60
Mean: -42.1	Var: 56.5701	Max: -20	Min: -56
Mean: -44.82	Var: 113.908	Max: -20	Min: -71
Mean: -43.54	Var: 81.5283	Max: -20	Min: -62
Mean: -44.26	Var: 84.9125	Max: -20	Min: -64
Mean: -43.38	Var: 77.4355	Max: -20	Min: -62
Mean: -42.94	Var: 70.5765	Max: -20	Min: -61
Mean: -43.04	Var: 72.7583	Max: -20	Min: -58
Mean: -42.14	Var: 69.0005	Max: -20	Min: -64
Mean: -42.84	Var: 73.0144	Max: -20	Min: -61
Mean: -42.9	Var: 78.6098	Max: -20	Min: -63
Mean: -43.06	Var: 73.8963	Max: -20	Min: -61
Mean: -43.86	Var: 72.9203	Max: -20	Min: -61
Mean: -43.2	Var: 69.5199	Max: -20	Min: -63
Mean: -43.78	Var: 70.7718	Max: -20	Min: -58
Mean: -42.52	Var: 68.9296	Max: -20	Min: -61
Mean: -43.36	Var: 86.4304	Max: -20	Min: -62
Mean: -43.06	Var: 72.0163	Max: -20	Min: -63
Mean: -43.26	Var: 66.2325	Max: -20	Min: -58
Mean: -43.34	Var: 75.2644	Max: -20	Min: -61
Mean: -43.54	Var: 74.0883	Max: -20	Min: -65
Mean: -44.02	Var: 68.1795	Max: -20	Min: -58
Mean: -43.96	Var: 83.7584	Max: -20	Min: -71
Mean: -43.9	Var: 80.2499	Max: -20	Min: -62
Mean: -43.74	Var: 76.8323	Max: -20	Min: -69
Mean: -43.22	Var: 62.4115	Max: -20	Min: -57
Mean: -42.9	Var: 76.4898	Max: -20	Min: -59
Mean: -43.18	Var: 88.6275	Max: -20	Min: -69
Mean: -42.38	Var: 59.4755	Max: -20	Min: -56
Mean: -43.44	Var: 74.4066	Max: -20	Min: -60
Mean: -43.22	Var: 81.6515	Max: -20	Min: -62
Mean: -42.68	Var: 57.3776	Max: -20	Min: -57
Mean: -42.98	Var: 84.4596	Max: -20	Min: -61
Mean: -42.78	Var: 91.2117	Max: -20	Min: -63
Mean: -43.78	Var: 101.972	Max: -20	Min: -63
Mean: -44.24	Var: 93.9023	Max: -20	Min: -67
Mean: -43.62	Var: 80.9957	Max: -20	Min: -61
Mean: -44.6	Var: 95.7601	Max: -20	Min: -66
Mean: -44.16	Var: 73.6544	Max: -20	Min: -59
Mean: -44.28	Var: 75.4417	Max: -20	Min: -67
Mean: -44.78	Var: 75.8517	Max: -20	Min: -61
Mean: -43.88	Var: 61.3855	Max: -20	Min: -61
Mean: -44.78	Var: 76.7717	Max: -20	Min: -62
Mean: -44.78	Var: 71.5717	Max: -20	Min: -61
Mean: -45.38	Var: 80.3955	Max: -20	Min: -62
Mean: -44.9	Var: 76.6099	Max: -20	Min: -62
Mean: -44.28	Var: 70.0817	Max: -20	Min: -63
Mean: -45.28	Var: 90.2017	Max: -20	Min: -68
Mean: -43.52	Var: 59.4895	Max: -20	Min: -59
Mean: -44.52	Var: 75.4096	Max: -20	Min: -62
Mean: -44.06	Var: 66.6563	Max: -20	Min: -61
Mean: -44.2	Var: 73.88	Max: -20	Min: -61
Mean: -43.68	Var: 67.7376	Max: -20	Min: -58
Mean: -43.84	Var: 64.4544	Max: -20	Min: -58
Mean: -42.44	Var: 52.9266	Max: -20	Min: -55
Mean: -42.46	Var: 68.5284	Max: -20	Min: -56
Mean: -41.94	Var: 72.5765	Max: -20	Min: -65
Mean: -42.54	Var: 76.6883	Max: -20	Min: -61
Mean: -42.1	Var: 72.0501	Max: -20	Min: -55
Mean: -43.46	Var: 97.4085	Max: -20	Min: -67
Mean: -43.7	Var: 82.6499	Max: -20	Min: -62
Mean: -44.04	Var: 69.0783	Max: -20	Min: -60
Mean: -44.44	Var: 72.6465	Max: -20	Min: -63
Mean: -44.48	Var: 66.0497	Max: -20	Min: -61
Mean: -43.76	Var: 51.8625	Max: -20	Min: -59
Mean: -44.68	Var: 63.5376	Max: -20	Min: -61
Mean: -44.82	Var: 63.8276	Max: -20	Min: -63
Mean: -44.22	Var: 69.2116	Max: -20	Min: -64
Mean: -44.58	Var: 77.4034	Max: -20	Min: -62
Mean: -44.98	Var: 95.5797	Max: -20	Min: -70
Mean: -45.2	Var: 76.32	Max: -20	Min: -61
Mean: -44.54	Var: 80.6884	Max: -20	Min: -63
Mean: -44.58	Var: 75.9634	Max: -20	Min: -62
Mean: -43.68	Var: 64.7376	Max: -20	Min: -61
Mean: -45.48	Var: 94.0496	Max: -20	Min: -65
Mean: -44.52	Var: 82.3296	Max: -20	Min: -72
Mean: -43.56	Var: 57.9262	Max: -20	Min: -57
Mean: -44.12	Var: 84.4257	Max: -20	Min: -61
Mean: -43.8	Var: 71.1601	Max: -20	Min: -58
Mean: -43.42	Var: 65.0037	Max: -20	Min: -60
Mean: -45.16	Var: 93.2145	Max: -20	Min: -62
Mean: -42.98	Var: 64.8196	Max: -20	Min: -59
Mean: -43.98	Var: 79.0996	Max: -20	Min: -61
Mean: -43.5	Var: 67.09	Max: -20	Min: -60
Mean: -43.32	Var: 75.2577	Max: -20	Min: -60
Mean: -44.68	Var: 105.738	Max: -20	Min: -73
Mean: -43.46	Var: 72.7285	Max: -20	Min: -59
Mean: -42.42	Var: 62.7237	Max: -20	Min: -63
Mean: -43.22	Var: 69.8115	Max: -20	Min: -57
Mean: -43.7	Var: 73.2899	Max: -20	Min: -61
Mean: -43.74	Var: 70.1523	Max: -20	Min: -63
Mean: -44.92	Var: 80.8737	Max: -20	Min: -64
Mean: -43.32	Var: 73.6977	Max: -20	Min: -64
Mean: -44.22	Var: 70.3716	Max: -20	Min: -61
Mean: -43.46	Var: 70.7685	Max: -20	Min: -57
Mean: -43.18	Var: 71.5475	Max: -20	Min: -60
Mean: -43.88	Var: 80.6255	Max: -20	Min: -62
Mean: -42.72	Var: 55.9215	Max: -20	Min: -55
Mean: -43.32	Var: 77.9777	Max: -20	Min: -67
Mean: -43.24	Var: 81.5022	Max: -20	Min: -63
Mean: -42.6	Var: 74.9201	Max: -20	Min: -63
Mean: -43.48	Var: 85.4096	Max: -20	Min: -61
Mean: -42.34	Var: 59.5843	Max: -20	Min: -57
Mean: -42.72	Var: 71.0015	Max: -20	Min: -63
Mean: -44.5	Var: 95.01	Max: -20	Min: -65
Mean: -42.3	Var: 65.3301	Max: -20	Min: -56
Mean: -42.96	Var: 78.7585	Max: -20	Min: -59
Mean: -42.96	Var: 85.7185	Max: -20	Min: -67
Mean: -42.42	Var: 83.0437	Max: -20	Min: -58
Mean: -42.6	Var: 70.9201	Max: -20	Min: -56
Mean: -41.62	Var: 67.9556	Max: -20	Min: -61
Mean: -42.6	Var: 81.4001	Max: -20	Min: -59
Mean: -43.92	Var: 88.2738	Max: -20	Min: -65
Mean: -43.46	Var: 75.6085	Max: -20	Min: -64
Mean: -43.8	Var: 73.5601	Max: -20	Min: -63
Mean: -43.06	Var: 66.0963	Max: -20	Min: -61
Mean: -43.24	Var: 67.3422	Max: -20	Min: -61
Mean: -43.44	Var: 61.5266	Max: -20	Min: -60
Mean: -44.64	Var: 61.6705	Max: -20	Min: -57
Mean: -43.86	Var: 73.7603	Max: -20	Min: -63
Mean: -43.72	Var: 72.2415	Max: -20	Min: -65
Mean: -45.06	Var: 83.4163	Max: -20	Min: -64
Mean: -43.42	Var: 72.8037	Max: -20	Min: -60
Mean: -44.36	Var: 74.4303	Max: -20	Min: -61
Mean: -43.04	Var: 63.1583	Max: -20	Min: -57
Mean: -44.38	Var: 82.5555	Max: -20	Min: -61
Mean: -42.78	Var: 74.0517	Max: -20	Min: -65
Mean: -42.54	Var: 87.6483	Max: -20	Min: -64
Mean: -43.64	Var: 91.7904	Max: -20	Min: -62
Mean: -43.44	Var: 92.2066	Max: -20	Min: -64
Mean: -43.78	Var: 73.6918	Max: -20	Min: -62
Mean: -43.44	Var: 61.4866	Max: -20	Min: -62
Mean: -44.34	Var: 67.3444	Max: -20	Min: -59
Mean: -44.02	Var: 59.6995	Max: -20	Min: -61
Mean: -45.1	Var: 72.8501	Max: -20	Min: -69
Mean: -43.74	Var: 67.1123	Max: -20	Min: -62
Mean: -43.9	Var: 76.8899	Max: -20	Min: -60
Mean: -43.48	Var: 79.5696	Max: -20	Min: -58
Mean: -44.32	Var: 90.4577	Max: -20	Min: -66
Mean: -42.78	Var: 83.8117	Max: -20	Min: -61
Mean: -43.72	Var: 84.6815	Max: -20	Min: -60
Mean: -44.2	Var: 85.88	Max: -20	Min: -60
Mean: -43.66	Var: 77.9044	Max: -20	Min: -61
Mean: -43.02	Var: 69.6195	Max: -20	Min: -57
Mean: -43.42	Var: 77.2837	Max: -20	Min: -68
Mean: -43.94	Var: 82.3365	Max: -20	Min: -67
Mean: -43.38	Var: 81.0355	Max: -20	Min: -60
Mean: -43.52	Var: 85.6495	Max: -20	Min: -63
Mean: -43.28	Var: 77.0017	Max: -20	Min: -65
Mean: -43.24	Var: 69.9822	Max: -20	Min: -58
Mean: -43.92	Var: 79.7138	Max: -20	Min: -64
Mean: -43.52	Var: 76.2895	Max: -20	Min: -59
Mean: -43.5	Var: 82.81	Max: -20	Min: -71
Mean: -42.34	Var: 76.0643	Max: -20	Min: -62
Mean: -42.84	Var: 84.2544	Max: -20	Min: -59
Mean: -41.52	Var: 87.4096	Max: -20	Min: -69
Mean: -42.12	Var: 89.7856	Max: -20	Min: -67
Mean: -42.2	Var: 75.9599	Max: -20	Min: -63
Mean: -42.66	Var: 79.0644	Max: -20	Min: -59
Mean: -41.36	Var: 61.9103	Max: -20	Min: -56
Mean: -41.84	Var: 82.7744	Max: -20	Min: -59
Mean: -43.12	Var: 107.666	Max: -20	Min: -69
Mean: -42.98	Var: 75.0196	Max: -20	Min: -61
Mean: -43.02	Var: 84.7395	Max: -20	Min: -60
Mean: -43.48	Var: 115.89	Max: -20	Min: -68
Mean: -42.32	Var: 95.8176	Max: -20	Min: -61
Mean: -42.78	Var: 100.812	Max: -20	Min: -60
Mean: -41.54	Var: 74.9283	Max: -20	Min: -56
Mean: -42.38	Var: 86.1955	Max: -20	Min: -59
Mean: -43.06	Var: 101.296	Max: -20	Min: -61
Mean: -42.7	Var: 98.53	Max: -20	Min: -67
Mean: -42.36	Var: 84.6704	Max: -20	Min: -67
Mean: -42.64	Var: 79.7504	Max: -20	Min: -60
Mean: -42.9	Var: 82.5698	Max: -20	Min: -60
Mean: -43.48	Var: 74.0896	Max: -20	Min: -58
Mean: -44.48	Var: 97.4097	Max: -20	Min: -69
Mean: -43.22	Var: 82.1315	Max: -20	Min: -66
Mean: -42.96	Var: 79.8785	Max: -20	Min: -59
Mean: -42.3	Var: 69.9301	Max: -20	Min: -54
Mean: -43.56	Var: 97.2062	Max: -20	Min: -66
Mean: -43.1	Var: 80.4501	Max: -20	Min: -59
Mean: -43.9	Var: 84.6099	Max: -20	Min: -63
Mean: -45.68	Var: 74.8176	Max: -20	Min: -60
Mean: -44.56	Var: 68.7262	Max: -20	Min: -60
Mean: -46.02	Var: 91.8997	Max: -20	Min: -62
Mean: -43.38	Var: 64.3955	Max: -20	Min: -57
Mean: -43.7	Var: 72.5699	Max: -20	Min: -61
Mean: -42.86	Var: 67.3204	Max: -20	Min: -61
Mean: -43.9	Var: 84.5299	Max: -20	Min: -64
Mean: -43.34	Var: 62.2244	Max: -20	Min: -59
Mean: -44.2	Var: 74.48	Max: -20	Min: -64
Mean: -44.14	Var: 79.1604	Max: -20	Min: -63
Mean: -43.92	Var: 74.4738	Max: -20	Min: -63
Mean: -43.94	Var: 64.1765	Max: -20	Min: -58
Mean: -44.1	Var: 69.0102	Max: -20	Min: -61
Mean: -44.6	Var: 70.0801	Max: -20	Min: -61
Mean: -44.06	Var: 55.9763	Max: -20	Min: -57
Mean: -45.52	Var: 92.0094	Max: -20	Min: -65
Mean: -44.26	Var: 84.7925	Max: -20	Min: -65
Mean: -43.62	Var: 75.1957	Max: -20	Min: -58
Mean: -43.04	Var: 61.9983	Max: -20	Min: -55
Mean: -42.44	Var: 73.8466	Max: -20	Min: -64
Mean: -43.3	Var: 77.2501	Max: -20	Min: -59
Mean: -43.3	Var: 79.0901	Max: -20	Min: -58
Mean: -43.46	Var: 68.8885	Max: -20	Min: -64
Mean: -43.46	Var: 72.5685	Max: -20	Min: -60
Mean: -43.24	Var: 72.9422	Max: -20	Min: -64
Mean: -43.88	Var: 66.7055	Max: -20	Min: -60
Mean: -44.42	Var: 68.6838	Max: -20	Min: -69
Mean: -43.24	Var: 68.7822	Max: -20	Min: -70
Mean: -44.26	Var: 72.8725	Max: -20	Min: -59
Mean: -43.64	Var: 65.8304	Max: -20	Min: -63
Mean: -43.78	Var: 80.9718	Max: -20	Min: -66
Mean: -42.78	Var: 72.8517	Max: -20	Min: -63
Mean: -42.24	Var: 71.3022	Max: -20	Min: -59
Mean: -42.62	Var: 89.1556	Max: -20	Min: -65
Mean: -42.28	Var: 89.4817	Max: -20	Min: -64
Mean: -42.16	Var: 77.8544	Max: -20	Min: -62
Mean: -42.44	Var: 80.9666	Max: -20	Min: -58
Mean: -43.16	Var: 110.854	Max: -20	Min: -72
Mean: -42.36	Var: 88.4704	Max: -20	Min: -64
Mean: -42.4	Var: 87.5999	Max: -20	Min: -68
Mean: -42.34	Var: 80.7843	Max: -20	Min: -58
Mean: -43.2	Var: 99.9599	Max: -20	Min: -71
Mean: -41.54	Var: 57.3683	Max: -20	Min: -56
Mean: -42.12	Var: 76.8656	Max: -20	Min: -68
Mean: -42.78	Var: 97.2117	Max: -20	Min: -65
Mean: -42.6	Var: 77.7601	Max: -20	Min: -59
Mean: -43.38	Var: 102.036	Max: -20	Min: -66
Mean: -43.38	Var: 84.5555	Max: -20	Min: -64
Mean: -43.36	Var: 81.3504	Max: -20	Min: -63
Mean: -43.9	Var: 70.4899	Max: -20	Min: -59
Mean: -44.4	Var: 73.4799	Max: -20	Min: -60
Mean: -43.78	Var: 76.0118	Max: -19	Min: -60
Mean: -43.68	Var: 71.9776	Max: -19	Min: -58
Mean: -44.2	Var: 76.64	Max: -19	Min: -62
Mean: -45.92	Var: 78.6338	Max: -19	Min: -61
Mean: -44.2	Var: 69.88	Max: -19	Min: -62
Mean: -43.32	Var: 62.3777	Max: -19	Min: -58
Mean: -43.7	Var: 79.4499	Max: -19	Min: -60
Mean: -42.52	Var: 74.3296	Max: -19	Min: -61
Mean: -43.44	Var: 80.5266	Max: -19	Min: -68
Mean: -42.84	Var: 75.4544	Max: -19	Min: -61
Mean: -42.1	Var: 87.0901	Max: -19	Min: -64
Mean: -42.96	Var: 88.6385	Max: -19	Min: -61
Mean: -43.06	Var: 109.896	Max: -19	Min: -63
Mean: -42.68	Var: 95.4976	Max: -19	Min: -61
Mean: -43.56	Var: 76.2862	Max: -19	Min: -59
Mean: -43.52	Var: 85.4495	Max: -19	Min: -68
Mean: -43.66	Var: 87.0244	Max: -19	Min: -61
Mean: -44.1	Var: 96.0902	Max: -19	Min: -63
Mean: -42.66	Var: 75.9844	Max: -19	Min: -59
Mean: -43.66	Var: 79.3044	Max: -19	Min: -58
Mean: -43.16	Var: 72.4944	Max: -19	Min: -59
Mean: -42.6	Var: 70.2801	Max: -19	Min: -61
Mean: -43.92	Var: 78.1538	Max: -19	Min: -62
Mean: -44.12	Var: 80.6657	Max: -19	Min: -70
Mean: -44.54	Var: 73.4884	Max: -19	Min: -60
Mean: -44.34	Var: 67.7044	Max: -19	Min: -65
Mean: -44.4	Var: 59.9199	Max: -19	Min: -60
Mean: -43.24	Var: 68.1422	Max: -19	Min: -66
Mean: -43.12	Var: 71.7857	Max: -19	Min: -62
Mean: -44.14	Var: 84.2804	Max: -19	Min: -61
Mean: -44.08	Var: 86.0735	Max: -19	Min: -63
Mean: -43.34	Var: 79.3044	Max: -19	Min: -66
Mean: -43.28	Var: 71.1217	Max: -19	Min: -59
Mean: -43.34	Var: 77.3444	Max: -19	Min: -58
Mean: -43.32	Var: 88.6577	Max: -19	Min: -63
Mean: -42.88	Var: 79.1855	Max: -19	Min: -59
Mean: -42.98	Var: 89.9796	Max: -19	Min: -63
Mean: -43.02	Var: 90.7395	Max: -19	Min: -71
Mean: -43.18	Var: 90.3876	Max: -19	Min: -70
Mean: -42.02	Var: 58.8996	Max: -19	Min: -56
Mean: -45	Var: 91.08	Max: -19	Min: -64
Mean: -43.82	Var: 75.4676	Max: -19	Min: -58
Mean: -43.44	Var: 73.7266	Max: -19	Min: -63
Mean: -42.9	Var: 63.8898	Max: -19	Min: -59
Mean: -43.84	Var: 72.9744	Max: -19	Min: -58
Mean: -43.86	Var: 77.0403	Max: -19	Min: -60
Mean: -44.42	Var: 95.6438	Max: -19	Min: -73
Mean: -43.9	Var: 67.5699	Max: -19	Min: -63
Mean: -43.32	Var: 71.8977	Max: -19	Min: -58
Mean: -43.32	Var: 68.2977	Max: -19	Min: -64
Mean: -43.72	Var: 77.8415	Max: -19	Min: -64
Mean: -43.74	Var: 73.7923	Max: -19	Min: -60
Mean: -43.16	Var: 64.4944	Max: -19	Min: -59
Mean: -43.9	Var: 77.5699	Max: -19	Min: -61
Mean: -43.18	Var: 81.4676	Max: -19	Min: -69
Mean: -42.92	Var: 59.9538	Max: -19	Min: -56
Mean: -42.82	Var: 72.5076	Max: -19	Min: -62
Mean: -42.68	Var: 66.7376	Max: -19	Min: -59
Mean: -44.28	Var: 75.8017	Max: -19	Min: -57
Mean: -43.8	Var: 76.2801	Max: -19	Min: -60
Mean: -45.24	Var: 109.382	Max: -19	Min: -66
Mean: -43.42	Var: 70.6437	Max: -19	Min: -60
Mean: -43.74	Var: 92.3923	Max: -19	Min: -76
Mean: -44.5	Var: 65.01	Max: -19	Min: -63
Mean: -44.52	Var: 75.5296	Max: -19	Min: -62
Mean: -44.56	Var: 89.1663	Max: -19	Min: -65
Mean: -44.7	Var: 81.0099	Max: -19	Min: -60
Mean: -44.36	Var: 79.1103	Max: -19	Min: -65
Mean: -43.96	Var: 70.7184	Max: -19	Min: -62
Mean: -43.88	Var: 82.3455	Max: -19	Min: -67
Mean: -44.32	Var: 95.7777	Max: -19	Min: -66
Mean: -43.28	Var: 85.7617	Max: -19	Min: -62
Mean: -44.3	Var: 93.41	Max: -19	Min: -66
Mean: -43.22	Var: 76.0515	Max: -19	Min: -59
Mean: -44.36	Var: 87.8703	Max: -19	Min: -62
Mean: -42.66	Var: 74.4244	Max: -19	Min: -60
Mean: -43.98	Var: 86.8596	Max: -19	Min: -68
Mean: -43.3	Var: 80.0501	Max: -19	Min: -61
Mean: -42.36	Var: 64.2704	Max: -19	Min: -57
Mean: -43.82	Var: 72.6676	Max: -19	Min: -57
Mean: -42.92	Var: 70.1938	Max: -19	Min: -59
Mean: -43.54	Var: 94.8483	Max: -19	Min: -67
Mean: -43.74	Var: 76.9123	Max: -19	Min: -65
Mean: -43.6	Var: 70.5602	Max: -19	Min: -59
Mean: -44.54	Var: 74.5284	Max: -19	Min: -60
Mean: -44.48	Var: 61.2897	Max: -19	Min: -57
Mean: -44.72	Var: 70.1215	Max: -19	Min: -62
Mean: -43.54	Var: 57.9283	Max: -19	Min: -58
Mean: -43.96	Var: 73.1184	Max: -19	Min: -60
Mean: -44.14	Var: 82.6404	Max: -19	Min: -62
Mean: -43.92	Var: 81.6338	Max: -19	Min: -62
Mean: -44.76	Var: 91.5426	Max: -19	Min: -68
Mean: -44.6	Var: 91.3201	Max: -19	Min: -64
Mean: -43.04	Var: 74.7184	Max: -19	Min: -61
Mean: -43.96	Var: 87.3184	Max: -19	Min: -65
Mean: -42.64	Var: 63.6304	Max: -19	Min: -56
Mean: -42.84	Var: 71.9344	Max: -19	Min: -60
Mean: -41.82	Var: 60.7876	Max: -19	Min: -53
Mean: -42.78	Var: 62.0917	Max: -19	Min: -60
Mean: -44.64	Var: 67.3105	Max: -19	Min: -58
Mean: -43.5	Var: 59.89	Max: -19	Min: -58
Mean: -43.58	Var: 63.8034	Max: -19	Min: -60
Mean: -43.1	Var: 54.0101	Max: -19	Min: -55
Mean: -45.12	Var: 81.7057	Max: -19	Min: -62
Mean: -44.26	Var: 74.1925	Max: -19	Min: -62
Mean: -44.84	Var: 82.2944	Max: -19	Min: -74
Mean: -43.76	Var: 66.7825	Max: -19	Min: -60
Mean: -43.36	Var: 63.0704	Max: -19	Min: -56
Mean: -43.28	Var: 66.2417	Max: -19	Min: -60
Mean: -44.92	Var: 86.3537	Max: -19	Min: -64
Mean: -45.06	Var: 80.5763	Max: -19	Min: -67
Mean: -44.54	Var: 74.2084	Max: -19	Min: -66
Mean: -43.06	Var: 74.2163	Max: -19	Min: -63
Mean: -43.42	Var: 77.4037	Max: -19	Min: -59
Mean: -43.18	Var: 89.4276	Max: -19	Min: -63
Mean: -43.42	Var: 92.4837	Max: -19	Min: -64
Mean: -43.38	Var: 90.6355	Max: -19	Min: -62
Mean: -42.7	Var: 96.57	Max: -19	Min: -72
Mean: -43.08	Var: 83.1534	Max: -19	Min: -61
Mean: -42.7	Var: 99.29	Max: -19	Min: -65
Mean: -43.32	Var: 95.6177	Max: -19	Min: -61
Mean: -43.34	Var: 92.3444	Max: -19	Min: -65
Mean: -42.82	Var: 75.9076	Max: -19	Min: -62
Mean: -42.82	Var: 90.9476	Max: -19	Min: -66
Mean: -43.02	Var: 87.6195	Max: -19	Min: -61
Mean: -43.1	Var: 81.5701	Max: -19	Min: -60
Mean: -43.06	Var: 87.1763	Max: -19	Min: -59
Mean: -42.3	Var: 66.8101	Max: -19	Min: -56
Mean: -42.86	Var: 89.6804	Max: -19	Min: -63
Mean: -42.36	Var: 77.9504	Max: -19	Min: -62
Mean: -43.1	Var: 100.37	Max: -19	Min: -63
Mean: -43.18	Var: 94.5475	Max: -19	Min: -64
Mean: -43	Var: 101.56	Max: -19	Min: -67
Mean: -43.4	Var: 92.0398	Max: -19	Min: -59
Mean: -43.14	Var: 97.2004	Max: -19	Min: -68
Mean: -42.9	Var: 71.0098	Max: -19	Min: -61
Mean: -44.18	Var: 88.9076	Max: -19	Min: -62
Mean: -43.58	Var: 80.7234	Max: -19	Min: -62
Mean: -43.68	Var: 97.7776	Max: -19	Min: -63
Mean: -43.26	Var: 83.6725	Max: -19	Min: -59
Mean: -44.28	Var: 90.9217	Max: -19	Min: -64
Mean: -43.84	Var: 71.4944	Max: -19	Min: -62
Mean: -45	Var: 83.08	Max: -19	Min: -59
Mean: -43.68	Var: 72.4976	Max: -19	Min: -59
Mean: -42.28	Var: 76.6817	Max: -19	Min: -64
Mean: -43.02	Var: 87.9395	Max: -19	Min: -65
Mean: -42.44	Var: 79.6066	Max: -19	Min: -57
Mean: -43.4	Var: 86.3998	Max: -19	Min: -59
Mean: -44.14	Var: 89.6804	Max: -19	Min: -65
Mean: -43.36	Var: 76.2304	Max: -19	Min: -61
Mean: -43.22	Var: 83.1715	Max: -19	Min: -62
Mean: -43.26	Var: 76.5525	Max: -19	Min: -64
Mean: -42.6	Var: 80.7201	Max: -19	Min: -63
Mean: -42.58	Var: 71.2035	Max: -19	Min: -56
Mean: -42.98	Var: 71.8996	Max: -19	Min: -60
Mean: -43.18	Var: 86.3876	Max: -19	Min: -60
Mean: -44.32	Var: 88.0977	Max: -19	Min: -61
Mean: -42.84	Var: 67.4944	Max: -19	Min: -59
Mean: -42.66	Var: 66.2644	Max: -19	Min: -61
Mean: -44.28	Var: 78.2417	Max: -19	Min: -61
Mean: -44.62	Var: 80.6757	Max: -19	Min: -60
Mean: -43.62	Var: 74.8357	Max: -19	Min: -60
Mean: -44.2	Var: 87.28	Max: -19	Min: -62
Mean: -43.74	Var: 66.5123	Max: -19	Min: -61
Mean: -44.84	Var: 77.3344	Max: -19	Min: -60
Mean: -44.82	Var: 102.188	Max: -19	Min: -67
Mean: -44.24	Var: 78.1423	Max: -19	Min: -58
Mean: -45.7	Var: 103.41	Max: -19	Min: -64
Mean: -43.48	Var: 90.1696	Max: -19	Min: -63
Mean: -41.76	Var: 66.7825	Max: -19	Min: -57
Mean: -43.38	Var: 81.9155	Max: -19	Min: -63
Mean: -43.44	Var: 87.6066	Max: -19	Min: -62
Mean: -43.64	Var: 79.9104	Max: -19	Min: -59
Mean: -43.04	Var: 77.2784	Max: -19	Min: -62
Mean: -43.64	Var: 91.8304	Max: -19	Min: -64
Mean: -43.04	Var: 79.0783	Max: -19	Min: -59
Mean: -44.26	Var: 87.8725	Max: -19	Min: -61
Mean: -44.96	Var: 96.8785	Max: -19	Min: -63
Mean: -43.16	Var: 70.2144	Max: -19	Min: -62
Mean: -42.06	Var: 65.3363	Max: -19	Min: -59
Mean: -42.8	Var: 66.84	Max: -19	Min: -61
Mean: -42.48	Var: 76.8896	Max: -19	Min: -66
Mean: -43.06	Var: 75.2963	Max: -19	Min: -60
Mean: -43.18	Var: 74.7076	Max: -19	Min: -59
Mean: -42.42	Var: 67.8037	Max: -19	Min: -61
Mean: -43	Var: 70	Max: -19	Min: -58
Mean: -43.82	Var: 82.7076	Max: -19	Min: -64
Mean: -42.92	Var: 73.1538	Max: -19	Min: -58
Mean: -44.18	Var: 85.8276	Max: -19	Min: -63
Mean: -44.08	Var: 89.5135	Max: -19	Min: -63
Mean: -43.06	Var: 88.2163	Max: -19	Min: -63
Mean: -43.42	Var: 94.6437	Max: -19	Min: -62
Mean: -42.44	Var: 70.7266	Max: -19	Min: -59
Mean: -43.36	Var: 77.2704	Max: -19	Min: -64
Mean: -42.92	Var: 71.9138	Max: -19	Min: -55
Mean: -43.68	Var: 81.2576	Max: -19	Min: -63
Mean: -44.08	Var: 83.3535	Max: -19	Min: -61
Mean: -42.26	Var: 74.0725	Max: -19	Min: -60
Mean: -43.72	Var: 89.8415	Max: -19	Min: -59
Mean: -43.92	Var: 100.034	Max: -19	Min: -70
Mean: -43.5	Var: 83.93	Max: -19	Min: -64
Mean: -44.3	Var: 88.61	Max: -19	Min: -64
Mean: -43.42	Var: 67.3237	Max: -19	Min: -58
Mean: -43.58	Var: 70.3234	Max: -19	Min: -59
Mean: -44.76	Var: 93.9026	Max: -19	Min: -70
Mean: -42.84	Var: 77.7344	Max: -19	Min: -61
Mean: -43.38	Var: 80.4355	Max: -19	Min: -63
Mean: -43.18	Var: 89.7076	Max: -19	Min: -66
Mean: -43.04	Var: 104.438	Max: -19	Min: -74
Mean: -42.7	Var: 70.37	Max: -19	Min: -59
Mean: -42.68	Var: 63.0176	Max: -19	Min: -57
Mean: -44.3	Var: 88.93	Max: -19	Min: -72
Mean: -42.5	Var: 70.53	Max: -19	Min: -64
Mean: -44.12	Var: 86.3857	Max: -19	Min: -62
Mean: -43.06	Var: 58.7763	Max: -19	Min: -58
Mean: -44.26	Var: 97.6725	Max: -19	Min: -62
Mean: -43.94	Var: 71.8965	Max: -19	Min: -58
Mean: -41.96	Var: 65.5985	Max: -19	Min: -58
Mean: -43.5	Var: 88.93	Max: -19	Min: -61
Mean: -42.04	Var: 77.7983	Max: -19	Min: -60
Mean: -42.2	Var: 98.1199	Max: -19	Min: -64
Mean: -41.24	Var: 80.4222	Max: -19	Min: -56
Mean: -40.88	Var: 65.1456	Max: -19	Min: -54
Mean: -42.08	Var: 99.8334	Max: -19	Min: -62
Mean: -42.54	Var: 87.3283	Max: -19	Min: -66
Mean: -42.06	Var: 98.7763	Max: -19	Min: -67
Mean: -42.16	Var: 96.4544	Max: -19	Min: -61
Mean: -42.38	Var: 93.8755	Max: -19	Min: -60
Mean: -42.3	Var: 82.0101	Max: -19	Min: -55
Mean: -42.76	Var: 108.703	Max: -19	Min: -67
Mean: -42.6	Var: 86.7601	Max: -19	Min: -65
Mean: -42.44	Var: 78.1266	Max: -19	Min: -57
Mean: -43	Var: 85.64	Max: -19	Min: -59
Mean: -43.22	Var: 76.1315	Max: -19	Min: -61
Mean: -44.18	Var: 100.828	Max: -19	Min: -76
Mean: -43.7	Var: 83.8899	Max: -19	Min: -65
Mean: -43.78	Var: 72.4918	Max: -19	Min: -58
Mean: -43.9	Var: 77.8899	Max: -19	Min: -61
Mean: -42.74	Var: 77.3122	Max: -19	Min: -59
Mean: -43.9	Var: 73.0099	Max: -19	Min: -64
Mean: -43.94	Var: 56.3765	Max: -19	Min: -56
Mean: -44.48	Var: 67.4097	Max: -19	Min: -59
Mean: -44.04	Var: 71.6783	Max: -19	Min: -72
Mean: -45.08	Var: 89.2735	Max: -19	Min: -71
Mean: -44.24	Var: 70.8223	Max: -19	Min: -61
Mean: -44.16	Var: 84.0944	Max: -19	Min: -69
Mean: -43.46	Var: 75.5285	Max: -19	Min: -65
Mean: -43.74	Var: 74.5523	Max: -19	Min: -62
Mean: -43.96	Var: 83.6784	Max: -19	Min: -64
Mean: -43.7	Var: 74.6899	Max: -19	Min: -57
Mean: -43.12	Var: 72.1856	Max: -19	Min: -58
Mean: -43.78	Var: 74.9718	Max: -19	Min: -60
Mean: -44.3	Var: 75.57	Max: -19	Min: -62
Mean: -44.76	Var: 73.5426	Max: -19	Min: -58
Mean: -44.22	Var: 76.1716	Max: -19	Min: -62
Mean: -44.18	Var: 68.8276	Max: -19	Min: -59
Mean: -45.14	Var: 77.6805	Max: -19	Min: -66
Mean: -44.68	Var: 64.8976	Max: -19	Min: -60
Mean: -44.94	Var: 59.5365	Max: -19	Min: -59
Mean: -44.74	Var: 63.9523	Max: -19	Min: -59
Mean: -43.38	Var: 50.4755	Max: -19	Min: -55
Mean: -43.54	Var: 59.7283	Max: -19	Min: -61
Mean: -44.36	Var: 75.7903	Max: -19	Min: -62
Mean: -43.96	Var: 65.8384	Max: -19	Min: -61
Mean: -43.6	Var: 71.5602	Max: -19	Min: -62
Mean: -45.24	Var: 100.582	Max: -19	Min: -66
Mean: -43.58	Var: 67.9234	Max: -19	Min: -61
Mean: -43.14	Var: 64.6804	Max: -19	Min: -58
Mean: -43.74	Var: 74.0723	Max: -19	Min: -62
Mean: -44.3	Var: 80.57	Max: -19	Min: -64
Mean: -44.06	Var: 81.8563	Max: -19	Min: -64
Mean: -43.76	Var: 72.3425	Max: -19	Min: -59
Mean: -45.22	Var: 103.651	Max: -19	Min: -66
Mean: -43.02	Var: 74.0195	Max: -19	Min: -62
Mean: -44.18	Var: 84.3876	Max: -19	Min: -62
Mean: -43.38	Var: 72.9155	Max: -19	Min: -58
Mean: -43.2	Var: 83.1199	Max: -19	Min: -63
Mean: -43.5	Var: 75.01	Max: -19	Min: -60
Mean: -42.48	Var: 74.4896	Max: -19	Min: -59
Mean: -43.3	Var: 83.2901	Max: -19	Min: -58
Mean: -42.52	Var: 84.8096	Max: -19	Min: -57
Mean: -42.9	Var: 79.0498	Max: -19	Min: -58
Mean: -42.76	Var: 83.2225	Max: -19	Min: -62
Mean: -42.52	Var: 73.0496	Max: -19	Min: -55
Mean: -42.38	Var: 79.9156	Max: -19	Min: -61
Mean: -42.9	Var: 90.6098	Max: -19	Min: -66
Mean: -43.54	Var: 84.0083	Max: -19	Min: -64
Mean: -43.42	Var: 85.8437	Max: -19	Min: -62
Mean: -44.14	Var: 102.56	Max: -19	Min: -69
Mean: -43.76	Var: 87.3425	Max: -19	Min: -62
Mean: -43.44	Var: 66.1665	Max: -19	Min: -55
Mean: -44.52	Var: 85.0896	Max: -19	Min: -63
Mean: -43.64	Var: 83.3504	Max: -19	Min: -65
Mean: -44.04	Var: 94.7183	Max: -19	Min: -59
Mean: -43.72	Var: 83.8815	Max: -19	Min: -63
Mean: -43.62	Var: 89.3557	Max: -19	Min: -62
Mean: -44.04	Var: 86.1583	Max: -19	Min: -66
Mean: -42.22	Var: 63.0116	Max: -19	Min: -58
Mean: -43.32	Var: 90.2577	Max: -19	Min: -62
Mean: -43.1	Var: 95.2501	Max: -19	Min: -66
Mean: -42.02	Var: 71.5796	Max: -19	Min: -62
Mean: -42.38	Var: 93.5555	Max: -19	Min: -65
Mean: -42.76	Var: 85.7025	Max: -19	Min: -63
Mean: -42.8	Var: 80.96	Max: -19	Min: -62
Mean: -43.84	Var: 86.9744	Max: -19	Min: -66
Mean: -43.14	Var: 70.6404	Max: -19	Min: -62
Mean: -44.1	Var: 74.6902	Max: -19	Min: -60
Mean: -44.02	Var: 78.5395	Max: -19	Min: -61
Mean: -44.26	Var: 76.9525	Max: -19	Min: -62
Mean: -44.42	Var: 82.3638	Max: -19	Min: -64
Mean: -43.22	Var: 63.8915	Max: -19	Min: -57
Mean: -43.54	Var: 65.7683	Max: -19	Min: -58
Mean: -44.74	Var: 96.1123	Max: -19	Min: -75
Mean: -44.84	Var: 95.6144	Max: -19	Min: -67
Mean: -44.58	Var: 90.7634	Max: -19	Min: -68
Mean: -44.26	Var: 79.9525	Max: -19	Min: -65
Mean: -44.1	Var: 74.4102	Max: -19	Min: -63
Mean: -45.14	Var: 85.2405	Max: -19	Min: -65
Mean: -43.74	Var: 69.1523	Max: -19	Min: -69
Mean: -43.48	Var: 65.8896	Max: -19	Min: -57
Mean: -43.62	Var: 73.0757	Max: -19	Min: -68
Mean: -45.1	Var: 85.9701	Max: -19	Min: -63
Mean: -44.24	Var: 81.9823	Max: -19	Min: -63
Mean: -43.06	Var: 74.8563	Max: -19	Min: -67
Mean: -43.38	Var: 73.7955	Max: -19	Min: -60
Mean: -44.06	Var: 85.6563	Max: -19	Min: -69
Mean: -44.36	Var: 80.7903	Max: -19	Min: -64
Mean: -44.1	Var: 88.6502	Max: -19	Min: -70
Mean: -43.94	Var: 97.9765	Max: -19	Min: -67
Mean: -42.64	Var: 67.2304	Max: -19	Min: -58
Mean: -43.94	Var: 78.0565	Max: -19	Min: -62
Mean: -42.92	Var: 77.5938	Max: -19	Min: -60
Mean: -43.84	Var: 68.5744	Max: -19	Min: -60
Mean: -43.92	Var: 91.5138	Max: -19	Min: -71
Mean: -44.66	Var: 80.3444	Max: -19	Min: -61
Mean: -44.72	Var: 85.4815	Max: -19	Min: -65
Mean: -44	Var: 78.24	Max: -19	Min: -59
Mean: -43.08	Var: 75.3134	Max: -19	Min: -59
Mean: -42.48	Var: 61.0896	Max: -19	Min: -57
Mean: -42.98	Var: 71.4196	Max: -19	Min: -59
Mean: -42.84	Var: 88.5744	Max: -19	Min: -61
Mean: -43.46	Var: 86.6485	Max: -19	Min: -63
Mean: -42.94	Var: 82.3765	Max: -19	Min: -60
Mean: -44.6	Var: 105.6	Max: -19	Min: -65
Mean: -43.54	Var: 85.8083	Max: -19	Min: -66
Mean: -44.4	Var: 102.36	Max: -19	Min: -63
Mean: -43.1	Var: 101.17	Max: -19	Min: -69
Mean: -42.84	Var: 81.4944	Max: -19	Min: -66
Mean: -42.92	Var: 77.7938	Max: -19	Min: -61
Mean: -43.38	Var: 86.3155	Max: -19	Min: -61
Mean: -42.48	Var: 71.8096	Max: -19	Min: -58
Mean: -42.86	Var: 73.0804	Max: -19	Min: -57
Mean: -42.88	Var: 90.2655	Max: -19	Min: -63
Mean: -42.78	Var: 80.1717	Max: -19	Min: -60
Mean: -41.8	Var: 75.04	Max: -19	Min: -63
Mean: -43.5	Var: 106.29	Max: -19	Min: -64
Mean: -42.62	Var: 92.3156	Max: -19	Min: -61
Mean: -42.12	Var: 78.7856	Max: -19	Min: -60
Mean: -42.12	Var: 89.3056	Max: -19	Min: -60
Mean: -42.6	Var: 90.4001	Max: -19	Min: -60
Mean: -42.78	Var: 81.8117	Max: -19	Min: -63
Mean: -41.84	Var: 102.734	Max: -19	Min: -65
Mean: -41.74	Var: 108.592	Max: -19	Min: -69
Mean: -41.88	Var: 99.7056	Max: -19	Min: -66
Mean: -43.3	Var: 105.37	Max: -19	Min: -67
Mean: -41.6	Var: 80.1202	Max: -19	Min: -59
Mean: -42.74	Var: 90.6722	Max: -19	Min: -66
Mean: -42.56	Var: 73.5662	Max: -19	Min: -59
Mean: -44.14	Var: 99.7604	Max: -19	Min: -64
Mean: -44.36	Var: 84.7503	Max: -19	Min: -62
Mean: -42.4	Var: 68.6799	Max: -19	Min: -64
Mean: -43.66	Var: 68.2244	Max: -19	Min: -58
Mean: -43.5	Var: 59.89	Max: -19	Min: -58
Mean: -44.8	Var: 77.0001	Max: -19	Min: -64
Mean: -43.76	Var: 66.2225	Max: -19	Min: -59
Mean: -44	Var: 69.08	Max: -19	Min: -58
Mean: -43.96	Var: 86.7184	Max: -19	Min: -61
Mean: -43.96	Var: 77.6784	Max: -19	Min: -61
Mean: -42.62	Var: 61.5956	Max: -19	Min: -61
Mean: -43.8	Var: 84.6001	Max: -19	Min: -66
Mean: -43.86	Var: 78.1603	Max: -19	Min: -64
Mean: -42.84	Var: 70.8144	Max: -19	Min: -57
Mean: -43.02	Var: 70.1395	Max: -19	Min: -59
Mean: -43.62	Var: 74.4357	Max: -19	Min: -60
Mean: -44.62	Var: 86.2757	Max: -19	Min: -65
